47410064979;17Y6uIjc; 
44101074100;aJZqLrHL; 
44306242324;paGsbPIn; 
37003264716;0aHg7Ecz; 
39603270648;oFQnopLk; 
37904061625;eTStAzaB; 
50407302140;zAL4TkIp; 
48007096954;zCODHj6f; 
36209013706;elnPuiFH; 
36504152858;ixdP06n9; 
47303054392;9fIBDrjT; 
47412091452;MTkigHN5; 
60604185287;zDxU4pkI; 
43008014448;3u1bSkrK; 
37212042582;GjpWB2yI; 
43805035762;gVgwNOi0; 
32801030983;E8RprZU1; 
50201235208;op6DEa5o; 
44003216747;wEijTRFs; 
34905305117;87IR35eN; 
46705185631;j6CjFaZL; 
49609061592;9T8TqDE6; 
37301056168;RzML9poL; 
60701291180;PIiLPqpH; 
35509063095;BuTscnIX; 
50309275693;WvlgPeUg; 
49912117088;uhBbyfwp; 
60012312181;Uc07PweD; 
44410090820;P1ghSdMH; 
50602126471;VRCiSLm8; 
60111177531;b12ppnDp; 
34209155687;TxCUF83D; 
33212017429;hN4IMLc9; 
42705285052;GK3JUcCK; 
47809164732;YXSHWwuf; 
43806233883;PpA34L6O; 
32402053436;c6j1AGaf; 
60712254261;kgWAULMl; 
39711067311;u3vAxIkA; 
45911247036;LU77Lwr1; 
33807192871;wveH83Tn; 
49212203927;Dcude21O; 
42102025086;09fOm3io; 
39302142307;177o0RqI; 
35308117021;8Jqrp1KD; 
49705063591;KPthEHVJ; 
47201156390;RzTBICiB; 
35801105948;IUUbLLuL; 
44009201077;GtMM63vZ; 
43611042157;OwR0N99u; 
47705151298;QZFDA36B; 
35002062527;KELDldCr; 
44801260236;YgWLIXGz; 
35006140840;hH7SseUi; 
37504193155;4siBQu4F; 
35409126660;G7Bkgrap; 
33006152128;vUMD05po; 
50701153074;6lPjs4aL; 
46305172698;jIGqxTdm; 
37201107569;wy7SyR7a; 
37809226900;R0sJRo3b; 
37211011461;MXIU53yO; 
50906157506;3O6zRWts; 
34201302709;OHpPoiro; 
47802166267;RmdzSLQn; 
49204126889;T1N7qu7t; 
60511047549;YCy0uWpe; 
49003315940;2ExeWCv3; 
44405231536;IkKUWV3S; 
32003105002;qsxUyuuy; 
49305264947;u32LHxtm; 
43710220224;qcBQiYgq; 
47206024895;oeShryAJ; 
50511266511;rGUlyhqM; 
46706222925;GaFmp4wE; 
42612076779;EveP0o3K; 
49805024737;7UlzxQPF; 
60805256715;gLZs9W3n; 
35107220578;KSP7RYiT; 
32505223902;npvT2FDE; 
46002150818;I85Zw6nn; 
39605251868;kvRfr6LY; 
49905025432;BhvRj1FE; 
38507220269;gIGlBKm5; 
33006054770;shcf4vEF; 
44209101708;hepWiQO3; 
37707091089;WUyXKXdh; 
32405165229;WqjQZk2j; 
33410104662;adsYG0r5; 
35701297169;XEqmlwts; 
37509154029;iIB4Da0q; 
34505050625;7agFL1sJ; 
47706201835;9v9a7pNS; 
39405297351;yKLa9ddq; 
50005187245;3yvOc5YI; 
49005214566;rIjZ2u75; 
36309036823;qRh9aW3o; 
39705225699;r9LqKTVy; 
37003044549;MiPnVTHs; 
47005165958;rpGdLClp; 
44407191462;CQsLFpJU; 
60811196384;EoKX7mD9; 
43702265385;CBmaAabK; 
47003212939;aZlbWMMP; 
42707191097;8M6Tb88L; 
44709114678;oCtGjzNV; 
45501101462;T4xR9nUd; 
48606025600;OnDKqQOY; 
36204184504;AiuRASjR; 
45905015733;U9OFGHln; 
50106251899;vtQ0Avxd; 
60302227512;cLrGLiXN; 
43804134733;711lTRos; 
47301151462;ArMYithn; 
43803175460;K00SI0GK; 
48704035056;UgandfBo; 
44909057185;aMU1M4L6; 
37507284819;1Ra30JlM; 
50510123351;ZZUX2I9I; 
49111145543;OX08N1nh; 
38305135076;wZ6o6HIz; 
49405075866;zyelbqI7; 
46908251042;CkCiv0q4; 
46605083541;2eGD64S6; 
32405104986;n6Qc3LPT; 
39309062938;yPZVJsAa; 
50210086728;SET7MsHf; 
49703123205;6uuOmKT0; 
47405310886;uopAsNMp; 
50701232058;Qyg3vzqZ; 
42510275585;vtQ8h4Fq; 
39312307270;DJLHK5wS; 
48210210296;12la9YYF; 
49101181927;KvfJ7w2F; 
36806193386;Hd6O2p5F; 
51004150569;T9qC7sjW; 
49610075285;OBFopMzB; 
38906030587;YSjkxZZu; 
50412065951;h3QODAdj; 
33906051130;jNB3NZAp; 
48204265128;VsCstR1G; 
38312281629;lUVYqrUo; 
37401075696;eVcK7XNA; 
38911054938;ZBgEhNvO; 
34009122180;qcNCvtHN; 
43603043857;ITYIpIpc; 
47810221711;1tGTi6C1; 
49601141729;rErSWYxz; 
60904223432;YMSzShoX; 
32102081563;AIMW7D4s; 
35104254583;GFH0krZy; 
49901303444;Q1KBds8i; 
45103160995;QBhyudqM; 
36403226442;7bE4S0cn; 
37807300534;I9olznZO; 
46012105304;5LRUGNM9; 
39107025276;CW8sJ2zP; 
43611180186;BiOnZdMJ; 
39303236572;YdXcKUYK; 
39811042653;RlGiAGH6; 
50302063645;KNLnpSD0; 
49703134530;i9vVKZsK; 
38408304305;Nji8mbBS; 
36609135830;luDQiQ10; 
61203083043;xsUFDYzv; 
61003213033;iJnCtknN; 
47802263303;hh1Atqy0; 
49312153033;jj5nbASL; 
38111251205;HUwlBrYm; 
39608115207;G0JDp1ZT; 
45202236611;a8FXOq9B; 
32212267496;eYcvNvG0; 
45910310364;BFR9xJY9; 
45911191659;ZbO5DOb2; 
35103280729;oSpGQ3cg; 
38504260325;3mABJ19a; 
49904141535;DVdB7j2L; 
45405273244;gavcYFR9; 
50207314996;sGJDnNy2; 
39308281330;eIVv9SUz; 
46705100798;5eN0xDjX; 
43207274938;h3msPB0E; 
48508076933;V3QxXsV8; 
46110024657;PAjGSyD4; 
46503122572;qGfhRYHk; 
43404036187;iwJqKWjw; 
33409176495;LuLp3bto; 
44208021581;mHFtivUa; 
46105245047;BVv7JNUy; 
34312066123;HvuBbFs0; 
37210155641;wvS6tmwO; 
50312285538;m2Zujvmt; 
48012162588;tcVqGofh; 
33906101918;XHZcehww; 
36304010036;zDsM0gX4; 
44904010774;ELDFoJ4U; 
60005233491;4VdzfGn6; 
48711226003;VkR1pz3p; 
33912063202;Y1d6Dlzy; 
39706150940;Q7LyxhTg; 
61012147449;O2iaLQ4Q; 
39412234460;x08thVHU; 
35302286549;61J6MB9j; 
43304133574;uQj8Vw0Z; 
37607163163;BgAl4p64; 
33108234846;YFISLLMI; 
48312116790;d8EtxMVX; 
42201223025;ps2CEkLm; 
34802220909;TXHgTtbP; 
34712140243;W8lP7q5X; 
47309016246;VvRZSJzY; 
35203270694;hF8zsN01; 
47607261905;uMYebgK8; 
46410200774;v4wIWJK8; 
50506026830;BUcc90jo; 
48909107491;LGfVSRum; 
49804041657;WSpR7pV8; 
60901254563;8roQzeWa; 
42208204283;U8AUdUZv; 
35805182738;qs7pFzry; 
43706234387;aUuhxDJP; 
36006061628;zxMnzbpe; 
34506064674;j2GQ9OLG; 
42301032473;47jVnrAv; 
34612020710;DFLSEbFT; 
36012012575;gazcER7n; 
37502234640;KSZfYW63; 
60205221376;pEsQUBB8; 
37408085948;uSd9v2Ou; 
45711057197;PoB7TODo; 
43508102130;DBb8GW7m; 
60410267469;fagOWlPb; 
49401146218;93B1ftfS; 
44904105562;sLguHSac; 
32602110026;y27Dh7kG; 
34006221543;xIjpAsrR; 
46707282732;P6LX4yVR; 
38908094332;4WBLQ4Aa; 
44704182087;tUy2jlT1; 
39207097441;61hDDxAF; 
49404136161;cUMzcX0Y; 
38102036754;YKtU3VkY; 
46203133491;au4seSUK; 
60807032560;dWGGCuK4; 
38304022851;Bf4CUlyw; 
39902117170;ijviLvCA; 
32805282509;ly0ntGOS; 
45712285777;fd7By6Ny; 
37206121821;yPZKaUC1; 
34611046418;gxVpPKNL; 
38204195872;xbkY2dku; 
35510105712;QQCCRGNP; 
38207183820;XN6yqIn5; 
44609135337;cqDjsJhf; 
51103264462;8RMhboOg; 
49012026588;C8pAgw1H; 
32907230537;3tTLg8ok; 
32101141819;ksk3dwiT; 
50103261030;Dlv532yv; 
49207117240;knpR4ceo; 
35303283695;ul5NyMem; 
36208107482;h7CPzdXy; 
49608081579;eZTKzjLM; 
32504273943;FmJ9STK8; 
35205104615;MSQODbIj; 
36403233872;t3FQkyH8; 
34307044659;DLmA30Bg; 
39210071236;eY8TTZeI; 
49602076113;lhzbNvF6; 
45504112873;xYNLMNey; 
46410264466;lORMCWlM; 
47110300392;G40xhtwe; 
43409164678;SAP2CelW; 
33803244370;uJQ1KZOf; 
34911233365;XodTfUYp; 
44005112469;144dv76L; 
48610102859;N3rN8dm2; 
60507026752;CiFbvcKB; 
46909251556;QnaMBdnB; 
36705230892;qDctVQ74; 
34807225582;1UMfz79e; 
37204120771;RQsyDZEq; 
60908065089;oDkeQsPW; 
50501105496;KQ6C7xWo; 
47502276467;Cxe7efhg; 
37105276164;G4PGfrFa; 
48412144983;sZu0GcoH; 
42911265333;wOzCPTkn; 
37508042801;2WGe9Ec4; 
60705307158;ySUuzbZZ; 
42305172602;ajrw6lek; 
48306232946;vDGAqBNy; 
32307106061;mKpWBuQW; 
42506242243;w8TgaHUF; 
46808302418;UAvpnZin; 
46308186304;GHAzmtzT; 
49308025183;feesVh10; 
33610041230;lBq2lSSO; 
35712136689;pHZWJDHm; 
60902084773;AUYSmpZP; 
34402291562;GeFSrhz4; 
38703312215;QB4kPpIn; 
50504221553;xKKJyo26; 
43702161042;hBwOkmKd; 
33204184106;KUEcwdvZ; 
36008037284;G4Z836y2; 
45101066493;TLpTCk8W; 
45510024307;qwN87JlC; 
60601231288;R57ywlAw; 
36911150179;O55EneyH; 
49703285666;G6FwuGoF; 
39105031600;QAm3sYqE; 
32811055833;OsLlHJub; 
47506031560;74zm8wsf; 
49012013404;FuV5WGFE; 
50806016516;BDFnmwUt; 
42208193560;vpZnBD8P; 
42107234012;vbxpE2mg; 
32412275395;WQJuyTYg; 
45003315758;3bvJ875p; 
48201265407;gnQVyFZp; 
34303244640;nNL7fRCs; 
42106052102;dmVig18h; 
46407226289;7ukR1OPs; 
39308113803;O6k2Aeh3; 
33211282881;WBNyy6ga; 
60606122242;kwD1oJAw; 
48901136901;SFfqiKYk; 
45107034344;DYNRTnSY; 
49110203762;sJZqcpPC; 
50606103126;5iljrBON; 
35811122648;n0N2ctjq; 
49712184281;cd3KOSwL; 
38705154497;OmWuU8YU; 
43706034571;249ekzO4; 
60610197163;HhKRn1G9; 
48107207212;HC4ZXnZq; 
38611287057;lerKAark; 
38803010729;e0fPrTYR; 
36112044081;z8gevFI1; 
35005215837;1ChSFahe; 
60111036250;4FxNGy3n; 
43008187494;B8pKe3U9; 
36211200968;QhMfc1Fm; 
37901285406;ABrPo9ev; 
36811011433;044M9oOH; 
48202016036;PWwC3NTN; 
46309254192;d3hu2cZE; 
45803232080;v3OYsgPI; 
33906011647;o2T5cIgn; 
36701232623;bTBR2QPP; 
36601150569;6LPnxP4s; 
38608256404;wVbx4MSC; 
32810162088;2A4IrPYJ; 
35311214256;M6fAqGGq; 
46705172836;QBZemvxL; 
47804282722;zkPP2Qsk; 
48410306134;c0WoAwuK; 
60810046425;UKfCrM1e; 
44606264504;45RJTUxA; 
33204107216;NnV6W6a1; 
33206102090;Ogz4mKp9; 
37002063899;q6oOebsP; 
38505292977;QFqp69KR; 
46911234367;6SG6oyex; 
47812210957;aVv15Jya; 
48706287379;RzqBniSD; 
37012117350;4MHKeTnN; 
42012172877;yi1151PQ; 
60412125789;9UOnNkXd; 
43811244060;zwfuVEtP; 
46407133113;NX0BzBS3; 
44806204915;OM5qhbwj; 
45603212822;JCgyDpSh; 
47209042733;fGpbGZfz; 
47102170314;co5dnFdJ; 
50208144269;2RxkPTOi; 
42911103891;lV4mJtZ3; 
36103202224;PD57KeEW; 
39008201113;GMBIClcq; 
50002096572;Cjf0ISvO; 
34905061156;NT84ynd2; 
34302206144;l7CPEeGt; 
60602025109;5Jlj2Sth; 
34007230830;8y8fZfIn; 
46902164884;OtjPzGOb; 
44608163304;q5znhisn; 
49109046167;JiNcRe9E; 
45506032716;ayTZHiWc; 
37105064924;FWv2yXHP; 
49101284271;4sEN2aH2; 
39312135840;jR4VfzL4; 
49206152223;mQOszQWS; 
60809081138;Y8ALi6yq; 
42008265849;SYke4bRo; 
32101221528;ghxu6SpV; 
42710043041;a2yNlTEG; 
42104185415;9r7vx4OJ; 
38205293595;SrIvWi19; 
46112161034;z8qNrLYh; 
45902237106;kKvoF4zB; 
48202107479;CbPCerp0; 
33907076711;eHSEknPX; 
50806144200;vTeGtkxh; 
49408174334;TpMFHFFb; 
48505034951;Yd5u7spC; 
48612056646;KhhezaVT; 
32408260570;mBHvywGz; 
45805210659;Qf2s9VOf; 
48110096616;SQZwHhIq; 
45902095665;lbbcypBh; 
38901303779;SLYFGXdq; 
47211013859;khU9fEyx; 
39405035990;uyuD7jOW; 
60403021970;UZsOGLn4; 
60702272854;z0fyhg0e; 
44001030016;uJHskzE4; 
60912066278;TbzIBbum; 
50205055905;FFVnf6Ah; 
51102154430;5GC5cVOW; 
39808162355;lCX61CLO; 
43009091692;nnDvzGAE; 
37303122295;qSzCWPy7; 
37208231365;RYDWVJsj; 
33612027034;iRpWEmTB; 
39811284556;TP6fi430; 
34401302606;6Z99Ui8h; 
32905080125;CvQrk9D2; 
42306303252;onEdIK7Y; 
42503304512;CReZmkmJ; 
42308314538;BRidjUZQ; 
37411251223;qbmjvZkQ; 
37909035018;iGMpUJV0; 
36008032680;9hgTdflg; 
37201023207;r3kbH79R; 
45212294373;BHUhnv9K; 
37607281526;MLwEwHEE; 
37912235738;KcsHB4Ea; 
32311091771;n9uxaR1F; 
32710271482;gisWfyX4; 
42309233859;ufU3Op0w; 
50004126549;CekBWFR8; 
47205257598;EL9HoU0K; 
38902130921;m2Sq3F6F; 
61101276277;jPFcyT1t; 
44606082785;LOq3NNw9; 
39710063384;Yz9IB664; 
36303133721;lPnYw10Q; 
32506046367;yFFLR0So; 
48207193338;q8UFLNdM; 
47603157093;tbFBuQIT; 
37202146583;2jeMdjR1; 
35811092179;3MyiHMeP; 
44403267366;6lf24AfV; 
37807173328;q3sxNKND; 
37902252955;ewGj7dLr; 
35707206750;YVvHQJrN; 
34811301560;ex98068p; 
36002107522;q1H2ZItt; 
37712015915;dY0uJxxI; 
47009030465;7Y5qI4k2; 
37811225758;ktidv8bP; 
35105283622;BF0jVOca; 
42503073481;hSImcOsD; 
33511253787;amz3HsEc; 
42503075584;kZFiaOFg; 
60509056507;qTmmOl5K; 
60003275718;r8u1GOvN; 
32608171084;DFXIufp3; 
38305246826;AWPlURKc; 
45508080015;gMMIqCSQ; 
50101142705;9yohRZPW; 
60808302365;J4zDyGw9; 
44611243320;1VlTynUu; 
49508287036;AuI5k3nM; 
43712152323;F7FKJdCZ; 
37502137473;96Iep9rs; 
39403036890;PKTWQIZo; 
60403282737;BJYDMnwY; 
36708031998;Fd5nwHEU; 
37301222890;Qz5zWgL3; 
47105260753;DWKVF2OW; 
37511103136;ttaKbGRj; 
39406256985;MbnX39v4; 
36704181604;lXXuQNmh; 
35310166143;lwrHDeLU; 
33809232638;vzWavrwM; 
47612303375;DFIkD3Jw; 
44607230206;ORkXus4g; 
50403134592;MLwvx5eR; 
36705271619;Dml69ZMN; 
61008301172;Y5QlWAn6; 
39505045226;DKmJa1k9; 
37510202892;0lbipyst; 
44010244596;1nm7TxZy; 
32610254380;I3SVQID7; 
35107174823;wzJ6GNvA; 
37503225864;hMNcuyD8; 
47606112868;raItCdnR; 
50411115689;jrGUKLse; 
32108205722;DqRTzbVS; 
47012150465;9JmdEafA; 
37711067427;yPowuJai; 
39112134750;LxBGOKFj; 
37001293120;1poDHhVS; 
42804200619;LTYxgVzU; 
50712061177;jc3sl70Y; 
36209156470;WPFN5SQk; 
47903274446;mAxnAKL0; 
44511071103;MdBYUSxd; 
47512086096;X3F9FmCY; 
49708043937;yNYmWbVX; 
48901225629;rdF59szm; 
32703296198;l7rMbNLl; 
50002082152;GgukhmkU; 
44904124437;g0ra8qm0; 
48512055592;POhCA7k0; 
43112041814;foHrmxah; 
60410257451;kz0rfgtx; 
33805237440;T6yeSVDd; 
39210203753;j9gmT7i8; 
39002213477;9fUDc74U; 
42206264097;IiNi6yyd; 
60401162163;GwrFsLv4; 
49110131859;gNoZrFmA; 
44006225565;QsnZSEc3; 
33505166351;i7Q7bIXJ; 
43101012750;7TfF4RTP; 
32806025844;KrgXSmjz; 
48003295977;dPr41qi8; 
39311174746;dtcxnD6F; 
49902070750;nvcc1Hwv; 
48212111181;GVOGtKj8; 
44910211451;fcWWnIHl; 
46111094438;AJZbh2ay; 
33901236600;WQ2VdAEe; 
39003096318;g6RdDj7j; 
50601235667;0M0UfFOC; 
36101254973;Na4fG5Db; 
45209171127;WTG2WQHV; 
38805256506;wNkn4fQ4; 
34812256034;gWF1uru3; 
46206096184;vfAnhboK; 
39501195247;6kYbew90; 
49706046412;MjKYzuPP; 
36110075546;zzyn6Eeh; 
32211025718;zujNfNEF; 
32911295952;J6hPXOV0; 
39602017460;Ey4RuEkM; 
47211177579;hJOnZ34O; 
39610251849;yndwxfJt; 
45203155889;5YJPcyzM; 
48211163901;uszlS8YP; 
35912017421;WWYDRr9I; 
44503105567;OXfN5WY3; 
60806197238;nV35bn1Q; 
42701214204;m8jZ6F8n; 
32303011329;6pEWkw95; 
35303196828;oHg6T04N; 
46304192983;8GWQxEVz; 
38104250829;Zg25tdI3; 
60604073530;alBKINSM; 
34609060388;LWMjDhCj; 
33905286862;Z1roMPzE; 
50802292913;cBc0URHD; 
38901093366;eMwJhqnL; 
50301301786;gJArt5Cv; 
39201220298;locPddVO; 
49709155004;xVZSHz84; 
43411240626;CnYAICUg; 
48308260080;TCV63ETr; 
47701212820;5eNsnhPr; 
38612061454;ipKB1rij; 
43104012285;YY2z2ccV; 
34807100129;1N1Jx9B9; 
44604041132;0btrptWF; 
49107174647;4WtMm7u4; 
34506073509;6aGJKRqp; 
42804106345;y01puHGU; 
50102163297;xmf8lbxT; 
37707193585;UPqOh4XV; 
46308253865;CB9ryJmK; 
48407305930;8UZmeKLC; 
43907061731;28begoAQ; 
34609163374;iZCuA5hC; 
42105251559;u8XrB7mC; 
48912241871;v1uo9ylO; 
60512105244;Mft0ttBJ; 
37607193509;AlmeixTJ; 
38105146873;3eE4TXi5; 
46003073223;M8VANHNz; 
47508044927;68lfYxdU; 
36304025707;NUai120x; 
33301050570;Y7dkcBi1; 
39001297178;Re2vgr81; 
39002220732;O1QtHxlz; 
42608172201;G9B6ehP3; 
60904296523;zN2CGuD0; 
48304075758;nIGuykrj; 
49302225444;G4DgYi0c; 
45509092675;teU2vddP; 
51006231839;y4DToY8z; 
50802201451;PDse30nf; 
46409155066;nPxfY7Hg; 
48807060197;1SgSVSb9; 
37911061462;hO4IJ5DW; 
39009285750;Isza40bE; 
50108064835;2k31KOpg; 
49109193881;BKxxMtpm; 
33004094243;xCqHk2pC; 
33403303834;7Yi0FLBU; 
47205102670;2eCWrMnL; 
34510120333;fzOwic68; 
60110136207;3ZxJdrAj; 
46704035281;DSd57Mae; 
50701051106;se9AG3Eq; 
60107070517;epQgHXRv; 
51102234738;H3NqiNdm; 
46510212200;Kf1vvZCr; 
34408210888;3VHr3SQO; 
61004192929;urDVUIZT; 
47709126983;8EpGda6t; 
32705024164;6oSCJqHq; 
60709262784;Dyj2rAUS; 
48108051334;5kjHrtX8; 
35607140959;zXxXTcj6; 
50806302822;bcbuy0dW; 
35612183261;xnbB9kpv; 
42604233309;lLze56Dp; 
35110142549;9fMI7zfS; 
36706302459;fDBsWqR8; 
34903082734;rDZepmGm; 
43111193245;MQdQP4BL; 
50705105293;qqo0IoTv; 
38603112473;XVqJD0st; 
47104270744;O2HOuCWJ; 
44001075394;OE3pJekP; 
46306182187;prBAemuC; 
35210182536;E54rcbGJ; 
50402067309;fmSvbnMh; 
60504152261;2KkXJAb2; 
33412175641;lr9O3JjO; 
47702253163;IfD3VqDf; 
36105254241;hx7lOV8m; 
32404271946;jGieN59o; 
49612241025;uMyZnu8o; 
42010313693;6jOe6Zu6; 
33201020753;MrmKdgi5; 
61109090020;fT2DVFqn; 
46009087259;ZQzsRiCi; 
37408165091;HmWuijlz; 
34209025856;GM0T3s1o; 
36505204186;Wmmvp8bo; 
46407053230;njX47B7R; 
50112051838;MqjrN3WV; 
42807314439;Jqljzdtd; 
32004145275;rvIQFufM; 
48206216188;NWDCmi9E; 
48811305590;DqO8bAaB; 
36907202845;8BGu8bex; 
35605054209;fp1JJLZC; 
50106203695;Kojqvy1E; 
33911260981;FV867Gcy; 
46409053120;t0qEENLE; 
46405252224;YsRkoLAY; 
49608102777;eGSd0MAY; 
42905204811;DofH5u4i; 
44911295129;cemTqIMh; 
51105255502;5dF3vHwd; 
33010081284;QRunDpqu; 
35405191290;JRPDFx0r; 
42408016290;CoUZie85; 
34010295412;E8q5nkHc; 
46412014625;Uhw6voWz; 
34009095332;N9ghELF8; 
45903186306;RIRkdPrw; 
48012180945;uiUU1pQs; 
47704013199;3ly8JCc6; 
47606040791;PEhGfZ1U; 
36501222425;jvpT57rl; 
36007200236;O6LtbTuY; 
35008250611;bBil0fFe; 
50301130906;sCausAQ4; 
38407084556;o18USWhJ; 
39602013722;jq84KY31; 
61010255066;PVqK0g7F; 
42208225860;PkDsMTWK; 
36402232380;mZbJmbej; 
46803317505;j8QnBuxQ; 
43907217407;qR68CGw4; 
35505091298;CL0mKHkF; 
48307055487;Ok0wYpvM; 
37911134678;zeKsAbH7; 
43311242770;uFs8Stcm; 
47208061712;RKvKhsXB; 
47307047080;2ez8Nkvg; 
33301194799;ii1qzqbE; 
45705071334;C8h6sbbE; 
44907180571;ZkvxlOkA; 
37810052052;jkH68MZK; 
45306102173;pUweHSeh; 
36611225935;3pkRLKVH; 
48506234347;gkKMwg5B; 
32909171969;PSGM8QeH; 
33212246641;Z0TliJHd; 
38808063453;s8s6okj7; 
50002166742;b8J4YYXQ; 
60609163554;rCVCnQIQ; 
33502096928;d1dpqyKu; 
50306155527;h5ywGybu; 
43406267586;q6H5ljoy; 
32712100473;e5EjytZv; 
36110191099;rvfoNTf9; 
38207230517;X6YXlKOG; 
45610131909;dsOD3ZYT; 
42503064972;V7D5vEOO; 
50908104099;vIZQyafK; 
36307162906;6aJ1nOR0; 
34407087452;E0GFaoto; 
60710066316;HryxCF5h; 
37402273196;VHKEeFXO; 
46910055339;90DlOxge; 
48209232544;quPYp8mU; 
34603033306;lPqCPZMG; 
46808171708;M1lxSaue; 
35911115374;vAx5UIDg; 
48210033837;ti6tNyWV; 
44811093458;XADzy1fZ; 
43203091984;EoNeRK6V; 
45203043446;LBGLIlwZ; 
42612132780;IFWvtDH5; 
42007042032;iGKyfwCf; 
50209036843;IHdFCFIJ; 
50709214971;6bp5RdUp; 
48708310410;sUgqcUra; 
37307242966;BJz1Ahw9; 
43108035571;v1OLXEAK; 
49106196421;D63X8ALN; 
47801022915;2CuNV1XW; 
42104241264;O7BC0ghi; 
60107072751;8VWHUxm5; 
46509050340;DoLjGO4X; 
60908182749;eJ4acdk5; 
37712083904;y8bD6W5n; 
37605311354;pYyL8Szp; 
32504023875;SvgcQo5P; 
38804100014;DKMi64n4; 
37303255193;5f8Bw7k2; 
44703182997;shjeF74H; 
44304090027;WNsMC4GK; 
51008202685;rc1Pw26v; 
50511085908;9NBCJpgZ; 
36612186450;J24MNoPV; 
44611020641;eYCDcsRZ; 
45612026739;4IyOLG35; 
33504040126;br2vdEhN; 
47006033626;BZ9KcdV3; 
37210081504;VB0RgPY0; 
42012095865;SLq3RVgH; 
45802092159;NruPaLJQ; 
33803136144;4ajU6rK5; 
37806184011;lf0EH0Fp; 
35707152920;01S1Hmyl; 
36012230955;U2yv3hw7; 
50201146370;CdKBCJif; 
50012195541;15z9i1lu; 
49408201898;a8iwJE6P; 
34210272174;2Umnn680; 
39609253840;rc3sShki; 
49112302715;LHjhagng; 
49708196798;YfrEMOCa; 
43602157428;SEmhhS6t; 
49405115819;xi1orMGw; 
34701256774;vmYOPMQ6; 
46011030297;92PFPilK; 
50705067377;DfGgSwkw; 
44805126390;uG3SU702; 
60205162710;PECwRUtm; 
42901303332;Solpxoib; 
42708156767;Jt7QusSA; 
38801273121;LOrhKadu; 
34409264981;IX1GQaVm; 
43211177222;eDroemow; 
47104065275;LCR924bT; 
60007315846;fZID80XR; 
36106021996;QOluxbxg; 
48701096156;jv8aSxuc; 
45504046418;pDuZn87I; 
48709201182;XDr5CQnS; 
45604261843;waoEK3AD; 
44801171169;VCGVlAe5; 
38803223506;Y2QtWIRk; 
39901216511;UyabPa8J; 
33406026788;6fkCkmcc; 
35202205821;crZ21i87; 
43609121199;OOZTg17e; 
45610215641;fL8Q5QND; 
50310220077;murqbe1J; 
42002252473;Rfch81le; 
48211304063;8GA4Mg5R; 
38509265597;7s76erFD; 
49002045089;PwhLNCyJ; 
45702212537;s5NXfGUK; 
49201297228;jhWOo69W; 
34711175985;vimmLZIO; 
47306110331;UxaOOm55; 
39412053345;giiXgpDy; 
35111036605;UUpfZfKq; 
33001280692;HhzVxRks; 
60309161006;wfcMBdEO; 
49301071899;UpzvoHZK; 
35807300765;5qZhIgV3; 
38008097215;7KfU0alp; 
60409207065;Ni5RGNix; 
33405312555;7ELs09T0; 
47605182900;G3cGGcvB; 
47408072396;idRZJlyV; 
51102273771;Z697Avut; 
32009183486;JRZljhzO; 
45503040954;fUmGDq6p; 
60011292802;gHHAwALQ; 
60106114345;xWd9ra7l; 
37302021831;6Cl3OEpl; 
60903285580;Bm7Fxv7h; 
48703301158;aFdMno7v; 
39109233180;0A5fsc7Z; 
36008043891;ymYeyaLc; 
34603015145;fccBQKuq; 
33307122105;lN2lj0DG; 
38110012354;ICXho2tx; 
42908193537;AG0dftSB; 
45906100120;r3Knn2Lr; 
50510065062;ItZVOPDS; 
50807301787;vAL0mNwE; 
33401186560;Y4ydfYtZ; 
42011286839;LbEl9Gtr; 
50103094292;3jwq6xP0; 
35506230461;rqvjrKM4; 
47803043337;jrUMbDZv; 
38802077407;ADoT691W; 
44810301621;M6p6B0hI; 
39409041407;aytkFVbh; 
33210202526;JdfM2vZ3; 
47602086345;vaDx9sQa; 
50512134299;EAc3GWd2; 
32705206134;y6fGhHuk; 
45912030435;84KB0jrG; 
34711256854;nvnhwTeM; 
47304222187;YXadCyYG; 
36608141267;TKe5qj9m; 
33111172222;wUESyZCG; 
36502140901;yMrBwO34; 
36105111478;YwmsqpcR; 
49209021138;gPwmTpza; 
42009234967;Sa3DNUCr; 
32011042158;CCOkEGnp; 
60208027339;Ip6tVA64; 
47906105164;wWTBvwkx; 
43202053346;psDbnZZM; 
49704077450;H63PyV6u; 
33408103439;DDKkDltA; 
35704111118;1pgXwndT; 
60911250143;376rUhWT; 
43706132267;ZPpVn301; 
37701303553;AXcISWBd; 
48507077511;ftJKFTXG; 
33604211858;fY9a4CjW; 
42801061294;IFcg6qx9; 
47211056889;ta9AOb3v; 
39503164228;5qqsUIDG; 
34810056198;iF759I5k; 
47502143362;D1Y2QUEU; 
42709131315;HjXn5LMV; 
47810286782;M4nknWvt; 
42806024227;qAx7zm8l; 
60902182197;CKJaV5D4; 
46004030950;vkFsR68x; 
34005225875;jj3DBJ2y; 
36904056830;GNAnObcH; 
32803013861;Ns6MbvqW; 
45905054830;155IYR3F; 
60805065724;z3MO4mFk; 
32801194027;Ei7FoBUu; 
47809303553;j7DHJzny; 
35610115327;X6cJwSOd; 
38104081214;sEIZO5H1; 
42312237446;gEDhXh0w; 
39701165025;1V6hlN2T; 
49706171571;xuXoc0uk; 
39904306874;yE56UloP; 
39306214666;xILhNyyI; 
32309111201;TrDEAoZY; 
38008083802;V8I0dYeN; 
43809082782;nyAFvPj5; 
32808117281;XvMJqFyE; 
50705300178;HZEIBwtP; 
37406090873;4pkOgTtx; 
60302014772;pzR4lHRb; 
47103143420;hh14pewO; 
47801313858;Tk5VjA5m; 
37603216879;voaRG0DW; 
49607040397;X8McZNFE; 
39111164145;hiL43zB2; 
33412034088;0Iatqid5; 
50908220486;ghDRepjD; 
32005026279;XVdXoYBu; 
46508270961;2BCDw8ai; 
37209062256;lItzslGt; 
38501131542;N2Xxf7zr; 
35006135403;NibSoiYH; 
46203145862;9GUPG4Xr; 
33704171374;C8Y3OJHv; 
33304242562;2qcP1IQn; 
39609224446;nWq4b5r1; 
43803181293;pIozXXWY; 
47903133492;KM9UabpT; 
34703113519;pck4eHu4; 
35606292445;wvmsu0T2; 
42103157330;E3Jy851C; 
36306303553;zxjXZPjE; 
33706054072;AFcQ9OTX; 
38204154128;Fl8IIcot; 
38311056533;5XY6YtYS; 
43909136680;G31SmqKp; 
60107071340;IZTRobO3; 
34307123992;iW0UQ9n0; 
60308263001;JoqSZNi8; 
45612107256;I8AMbVWO; 
32707231212;bcG3bGS5; 
33309192398;8dyH1atr; 
35805126957;e9ne7vKr; 
45912106958;qLvHT2dC; 
34601093022;B8SsfA24; 
46711274236;hm1WHiGL; 
47007241035;8cxZk3R5; 
33510250848;BvF7ebho; 
35402091291;dWZHRYqy; 
46107283560;trYfgiI4; 
60407195597;UPMyVQWt; 
35201262976;boKSzhSA; 
39008283675;E8WFPRXM; 
39704094287;nR3UDG8S; 
50111110597;Q8PN1heY; 
60412146211;cupRnenO; 
42105206531;0fmHhNbr; 
49709024286;Ifcyq4Dg; 
44501257515;XXokI7pn; 
39003141296;mRUYdMA8; 
47204112476;jnxdUSz0; 
48007293403;WQJafQoG; 
47307134501;ULaLGFEs; 
45708132183;0WDonjw0; 
33808285877;yALahq7z; 
50305225976;diNSQmoo; 
33010011045;7lR5z2YO; 
60511224447;SLbcMVXy; 
32104115551;3Cr1dKs3; 
43112300830;9gWEhwGn; 
42507290731;w2AMFeM0; 
37608286113;p3Dhz9nK; 
50404121348;ZVyyVMkl; 
42607051659;RqpGMS1w; 
38309052483;AucUHmAz; 
47707154081;Y85Y9r4h; 
37205233104;DyW8iAnk; 
36710222964;frtsCPwc; 
33505311811;wUc7AaYQ; 
48305196507;o25RLv9g; 
34902047403;WPJl2EkN; 
44005141384;rBhTXoAk; 
32606217314;r2FaeEMi; 
43105172435;YX1JQ4NM; 
49511275669;K5j2XW4c; 
32306074006;w9Hjf33Y; 
35409175981;3Ury4uG9; 
42705121201;SWyxQeKb; 
49501064889;7tzOWni9; 
48705194547;RaUjoMj3; 
47802022496;AtnosF7S; 
46308263164;RvdNpTZ6; 
35306226986;QJzAHZsO; 
44501046935;9WECPzJA; 
38602250290;QyKBtDXq; 
33106034334;GjbCqW64; 
34006097181;UzkSNdyK; 
36004035183;vuTjkFnY; 
47312266610;PFv4Nxr9; 
46511252658;lHTqXMxR; 
48902172408;VFX6AR73; 
33908035790;CkJ4LqXf; 
46106097319;cALDaAL1; 
32904110535;rXXPmRJ1; 
32805184726;yhL5Iy3X; 
45101092634;Muit8E9a; 
33110141831;Rcf4mMGZ; 
46707091207;IgtAg3lt; 
33108137581;DwT6T4NC; 
47204306475;sXb1BPzY; 
44101126077;r5r3yPQQ; 
48803061152;R9eF4l9W; 
