32108205722;DqRTzbVS; 
47012150465;9JmdEafA; 
37711067427;yPowuJai; 
39112134750;LxBGOKFj; 
37001293120;1poDHhVS; 
42804200619;LTYxgVzU; 
50712061177;jc3sl70Y; 
36209156470;WPFN5SQk; 
47903274446;mAxnAKL0; 
44511071103;MdBYUSxd; 
47512086096;X3F9FmCY; 
49708043937;yNYmWbVX; 
48901225629;rdF59szm; 
32703296198;l7rMbNLl; 
50002082152;GgukhmkU; 
44904124437;g0ra8qm0; 
48512055592;POhCA7k0; 
43112041814;foHrmxah; 
60410257451;kz0rfgtx; 
33805237440;T6yeSVDd; 
39210203753;j9gmT7i8; 
39002213477;9fUDc74U; 
42206264097;IiNi6yyd; 
60401162163;GwrFsLv4; 
49110131859;gNoZrFmA; 
44006225565;QsnZSEc3; 
33505166351;i7Q7bIXJ; 
43101012750;7TfF4RTP; 
32806025844;KrgXSmjz; 
48003295977;dPr41qi8; 
39311174746;dtcxnD6F; 
49902070750;nvcc1Hwv; 
48212111181;GVOGtKj8; 
44910211451;fcWWnIHl; 
46111094438;AJZbh2ay; 
33901236600;WQ2VdAEe; 
39003096318;g6RdDj7j; 
50601235667;0M0UfFOC; 
36101254973;Na4fG5Db; 
45209171127;WTG2WQHV; 
38805256506;wNkn4fQ4; 
34812256034;gWF1uru3; 
46206096184;vfAnhboK; 
39501195247;6kYbew90; 
49706046412;MjKYzuPP; 
36110075546;zzyn6Eeh; 
32211025718;zujNfNEF; 
32911295952;J6hPXOV0; 
39602017460;Ey4RuEkM; 
47211177579;hJOnZ34O; 
39610251849;yndwxfJt; 
45203155889;5YJPcyzM; 
48211163901;uszlS8YP; 
35912017421;WWYDRr9I; 
44503105567;OXfN5WY3; 
60806197238;nV35bn1Q; 
42701214204;m8jZ6F8n; 
32303011329;6pEWkw95; 
35303196828;oHg6T04N; 
46304192983;8GWQxEVz; 
38104250829;Zg25tdI3; 
60604073530;alBKINSM; 
34609060388;LWMjDhCj; 
33905286862;Z1roMPzE; 
50802292913;cBc0URHD; 
38901093366;eMwJhqnL; 
50301301786;gJArt5Cv; 
39201220298;locPddVO; 
49709155004;xVZSHz84; 
43411240626;CnYAICUg; 
48308260080;TCV63ETr; 
47701212820;5eNsnhPr; 
38612061454;ipKB1rij; 
43104012285;YY2z2ccV; 
34807100129;1N1Jx9B9; 
44604041132;0btrptWF; 
49107174647;4WtMm7u4; 
34506073509;6aGJKRqp; 
42804106345;y01puHGU; 
50102163297;xmf8lbxT; 
37707193585;UPqOh4XV; 
46308253865;CB9ryJmK; 
48407305930;8UZmeKLC; 
43907061731;28begoAQ; 
34609163374;iZCuA5hC; 
42105251559;u8XrB7mC; 
48912241871;v1uo9ylO; 
60512105244;Mft0ttBJ; 
37607193509;AlmeixTJ; 
38105146873;3eE4TXi5; 
46003073223;M8VANHNz; 
47508044927;68lfYxdU; 
36304025707;NUai120x; 
33301050570;Y7dkcBi1; 
39001297178;Re2vgr81; 
39002220732;O1QtHxlz; 
42608172201;G9B6ehP3; 
60904296523;zN2CGuD0; 
48304075758;nIGuykrj; 
49302225444;G4DgYi0c; 
45509092675;teU2vddP; 
51006231839;y4DToY8z; 
50802201451;PDse30nf; 
46409155066;nPxfY7Hg; 
48807060197;1SgSVSb9; 
37911061462;hO4IJ5DW; 
39009285750;Isza40bE; 
50108064835;2k31KOpg; 
49109193881;BKxxMtpm; 
33004094243;xCqHk2pC; 
33403303834;7Yi0FLBU; 
47205102670;2eCWrMnL; 
34510120333;fzOwic68; 
60110136207;3ZxJdrAj; 
46704035281;DSd57Mae; 
50701051106;se9AG3Eq; 
60107070517;epQgHXRv; 
51102234738;H3NqiNdm; 
46510212200;Kf1vvZCr; 
34408210888;3VHr3SQO; 
61004192929;urDVUIZT; 
47709126983;8EpGda6t; 
32705024164;6oSCJqHq; 
60709262784;Dyj2rAUS; 
48108051334;5kjHrtX8; 
35607140959;zXxXTcj6; 
50806302822;bcbuy0dW; 
35612183261;xnbB9kpv; 
42604233309;lLze56Dp; 
35110142549;9fMI7zfS; 
36706302459;fDBsWqR8; 
34903082734;rDZepmGm; 
43111193245;MQdQP4BL; 
50705105293;qqo0IoTv; 
38603112473;XVqJD0st; 
47104270744;O2HOuCWJ; 
44001075394;OE3pJekP; 
46306182187;prBAemuC; 
35210182536;E54rcbGJ; 
50402067309;fmSvbnMh; 
60504152261;2KkXJAb2; 
33412175641;lr9O3JjO; 
47702253163;IfD3VqDf; 
36105254241;hx7lOV8m; 
32404271946;jGieN59o; 
49612241025;uMyZnu8o; 
42010313693;6jOe6Zu6; 
33201020753;MrmKdgi5; 
61109090020;fT2DVFqn; 
46009087259;ZQzsRiCi; 
37408165091;HmWuijlz; 
34209025856;GM0T3s1o; 
36505204186;Wmmvp8bo; 
46407053230;njX47B7R; 
50112051838;MqjrN3WV; 
42807314439;Jqljzdtd; 
32004145275;rvIQFufM; 
48206216188;NWDCmi9E; 
48811305590;DqO8bAaB; 
36907202845;8BGu8bex; 
35605054209;fp1JJLZC; 
50106203695;Kojqvy1E; 
33911260981;FV867Gcy; 
46409053120;t0qEENLE; 
46405252224;YsRkoLAY; 
49608102777;eGSd0MAY; 
42905204811;DofH5u4i; 
44911295129;cemTqIMh; 
51105255502;5dF3vHwd; 
33010081284;QRunDpqu; 
35405191290;JRPDFx0r; 
42408016290;CoUZie85; 
34010295412;E8q5nkHc; 
46412014625;Uhw6voWz; 
34009095332;N9ghELF8; 
45903186306;RIRkdPrw; 
48012180945;uiUU1pQs; 
47704013199;3ly8JCc6; 
47606040791;PEhGfZ1U; 
36501222425;jvpT57rl; 
36007200236;O6LtbTuY; 
35008250611;bBil0fFe; 
50301130906;sCausAQ4; 
38407084556;o18USWhJ; 
39602013722;jq84KY31; 
61010255066;PVqK0g7F; 
42208225860;PkDsMTWK; 
36402232380;mZbJmbej; 
46803317505;j8QnBuxQ; 
43907217407;qR68CGw4; 
35505091298;CL0mKHkF; 
48307055487;Ok0wYpvM; 
37911134678;zeKsAbH7; 
43311242770;uFs8Stcm; 
47208061712;RKvKhsXB; 
47307047080;2ez8Nkvg; 
33301194799;ii1qzqbE; 
45705071334;C8h6sbbE; 
44907180571;ZkvxlOkA; 
37810052052;jkH68MZK; 
45306102173;pUweHSeh; 
36611225935;3pkRLKVH; 
48506234347;gkKMwg5B; 
32909171969;PSGM8QeH; 
33212246641;Z0TliJHd; 
38808063453;s8s6okj7; 
50002166742;b8J4YYXQ; 
60609163554;rCVCnQIQ; 
33502096928;d1dpqyKu; 
50306155527;h5ywGybu; 
43406267586;q6H5ljoy; 
32712100473;e5EjytZv; 
36110191099;rvfoNTf9; 
38207230517;X6YXlKOG; 
45610131909;dsOD3ZYT; 
42503064972;V7D5vEOO; 
50908104099;vIZQyafK; 
36307162906;6aJ1nOR0; 
34407087452;E0GFaoto; 
60710066316;HryxCF5h; 
37402273196;VHKEeFXO; 
46910055339;90DlOxge; 
48209232544;quPYp8mU; 
34603033306;lPqCPZMG; 
46808171708;M1lxSaue; 
35911115374;vAx5UIDg; 
48210033837;ti6tNyWV; 
44811093458;XADzy1fZ; 
43203091984;EoNeRK6V; 
45203043446;LBGLIlwZ; 
42612132780;IFWvtDH5; 
42007042032;iGKyfwCf; 
50209036843;IHdFCFIJ; 
50709214971;6bp5RdUp; 
48708310410;sUgqcUra; 
37307242966;BJz1Ahw9; 
43108035571;v1OLXEAK; 
49106196421;D63X8ALN; 
47801022915;2CuNV1XW; 
42104241264;O7BC0ghi; 
60107072751;8VWHUxm5; 
46509050340;DoLjGO4X; 
60908182749;eJ4acdk5; 
37712083904;y8bD6W5n; 
37605311354;pYyL8Szp; 
32504023875;SvgcQo5P; 
38804100014;DKMi64n4; 
37303255193;5f8Bw7k2; 
44703182997;shjeF74H; 
44304090027;WNsMC4GK; 